{
  "ASCII Anti Aliased": true,
  "Ambiguous Double Width": false,
  "Ansi 0 Color": {
    "Blue Component": 0.25882352941176473,
    "Color Space": "sRGB",
    "Green Component": 0.21176470588235294,
    "Red Component": 0.027450980392156866
  },
  "Ansi 0 Color (Dark)": {
    "Alpha Component": 1,
    "Blue Component": 0.25098039215686274,
    "Color Space": "P3",
    "Green Component": 0.20784313725490197,
    "Red Component": 0.08627450980392157
  },
  "Ansi 0 Color (Light)": {
    "Blue Component": 0.25882352941176473,
    "Color Space": "sRGB",
    "Green Component": 0.21176470588235294,
    "Red Component": 0.027450980392156862
  },
  "Ansi 1 Color": {
    "Blue Component": 0.1843137254901961,
    "Color Space": "sRGB",
    "Green Component": 0.19607843137254902,
    "Red Component": 0.8627450980392157
  },
  "Ansi 1 Color (Dark)": {
    "Blue Component": 0.1843137254901961,
    "Color Space": "sRGB",
    "Green Component": 0.19607843137254902,
    "Red Component": 0.8627450980392157
  },
  "Ansi 1 Color (Light)": {
    "Blue Component": 0.1843137254901961,
    "Color Space": "sRGB",
    "Green Component": 0.19607843137254902,
    "Red Component": 0.8627450980392157
  },
  "Ansi 10 Color": {
    "Blue Component": 0.4588235294117647,
    "Color Space": "sRGB",
    "Green Component": 0.43137254901960786,
    "Red Component": 0.34509803921568627
  },
  "Ansi 10 Color (Dark)": {
    "Blue Component": 0.4588235294117647,
    "Color Space": "sRGB",
    "Green Component": 0.43137254901960786,
    "Red Component": 0.34509803921568627
  },
  "Ansi 10 Color (Light)": {
    "Blue Component": 0.4588235294117647,
    "Color Space": "sRGB",
    "Green Component": 0.43137254901960786,
    "Red Component": 0.34509803921568627
  },
  "Ansi 11 Color": {
    "Blue Component": 0.5137254901960784,
    "Color Space": "sRGB",
    "Green Component": 0.4823529411764706,
    "Red Component": 0.396078431372549
  },
  "Ansi 11 Color (Dark)": {
    "Blue Component": 0.5137254901960784,
    "Color Space": "sRGB",
    "Green Component": 0.4823529411764706,
    "Red Component": 0.396078431372549
  },
  "Ansi 11 Color (Light)": {
    "Blue Component": 0.5137254901960784,
    "Color Space": "sRGB",
    "Green Component": 0.4823529411764706,
    "Red Component": 0.396078431372549
  },
  "Ansi 12 Color": {
    "Blue Component": 0.5882352941176471,
    "Color Space": "sRGB",
    "Green Component": 0.5803921568627451,
    "Red Component": 0.5137254901960784
  },
  "Ansi 12 Color (Dark)": {
    "Blue Component": 0.5882352941176471,
    "Color Space": "sRGB",
    "Green Component": 0.5803921568627451,
    "Red Component": 0.5137254901960784
  },
  "Ansi 12 Color (Light)": {
    "Blue Component": 0.5882352941176471,
    "Color Space": "sRGB",
    "Green Component": 0.5803921568627451,
    "Red Component": 0.5137254901960784
  },
  "Ansi 13 Color": {
    "Blue Component": 0.7686274509803922,
    "Color Space": "sRGB",
    "Green Component": 0.44313725490196076,
    "Red Component": 0.4235294117647059
  },
  "Ansi 13 Color (Dark)": {
    "Blue Component": 0.7686274509803922,
    "Color Space": "sRGB",
    "Green Component": 0.44313725490196076,
    "Red Component": 0.4235294117647059
  },
  "Ansi 13 Color (Light)": {
    "Blue Component": 0.7686274509803922,
    "Color Space": "sRGB",
    "Green Component": 0.44313725490196076,
    "Red Component": 0.4235294117647059
  },
  "Ansi 14 Color": {
    "Alpha Component": 1,
    "Blue Component": 0.9013209342956543,
    "Color Space": "sRGB",
    "Green Component": 0.9013209342956543,
    "Red Component": 0
  },
  "Ansi 14 Color (Dark)": {
    "Alpha Component": 1,
    "Blue Component": 0.9142166972160339,
    "Color Space": "P3",
    "Green Component": 0.8933519721031189,
    "Red Component": 0.4253008961677551
  },
  "Ansi 14 Color (Light)": {
    "Blue Component": 0.6313725490196078,
    "Color Space": "sRGB",
    "Green Component": 0.6313725490196078,
    "Red Component": 0.5764705882352941
  },
  "Ansi 15 Color": {
    "Blue Component": 0.8901960784313725,
    "Color Space": "sRGB",
    "Green Component": 0.9647058823529412,
    "Red Component": 0.9921568627450981
  },
  "Ansi 15 Color (Dark)": {
    "Blue Component": 0.8901960784313725,
    "Color Space": "sRGB",
    "Green Component": 0.9647058823529412,
    "Red Component": 0.9921568627450981
  },
  "Ansi 15 Color (Light)": {
    "Blue Component": 0.8901960784313725,
    "Color Space": "sRGB",
    "Green Component": 0.9647058823529412,
    "Red Component": 0.9921568627450981
  },
  "Ansi 2 Color": {
    "Blue Component": 0,
    "Color Space": "sRGB",
    "Green Component": 0.6,
    "Red Component": 0.5215686274509804
  },
  "Ansi 2 Color (Dark)": {
    "Blue Component": 0,
    "Color Space": "sRGB",
    "Green Component": 0.6,
    "Red Component": 0.5215686274509804
  },
  "Ansi 2 Color (Light)": {
    "Blue Component": 0,
    "Color Space": "sRGB",
    "Green Component": 0.6,
    "Red Component": 0.5215686274509804
  },
  "Ansi 3 Color": {
    "Blue Component": 0,
    "Color Space": "sRGB",
    "Green Component": 0.5372549019607843,
    "Red Component": 0.7098039215686275
  },
  "Ansi 3 Color (Dark)": {
    "Blue Component": 0,
    "Color Space": "sRGB",
    "Green Component": 0.5372549019607843,
    "Red Component": 0.7098039215686275
  },
  "Ansi 3 Color (Light)": {
    "Blue Component": 0,
    "Color Space": "sRGB",
    "Green Component": 0.5372549019607843,
    "Red Component": 0.7098039215686275
  },
  "Ansi 4 Color": {
    "Blue Component": 0.8235294117647058,
    "Color Space": "sRGB",
    "Green Component": 0.5450980392156862,
    "Red Component": 0.14901960784313725
  },
  "Ansi 4 Color (Dark)": {
    "Blue Component": 0.8235294117647058,
    "Color Space": "sRGB",
    "Green Component": 0.5450980392156862,
    "Red Component": 0.14901960784313725
  },
  "Ansi 4 Color (Light)": {
    "Blue Component": 0.8235294117647058,
    "Color Space": "sRGB",
    "Green Component": 0.5450980392156862,
    "Red Component": 0.14901960784313725
  },
  "Ansi 5 Color": {
    "Blue Component": 0.5098039215686274,
    "Color Space": "sRGB",
    "Green Component": 0.21176470588235294,
    "Red Component": 0.8274509803921568
  },
  "Ansi 5 Color (Dark)": {
    "Blue Component": 0.5098039215686274,
    "Color Space": "sRGB",
    "Green Component": 0.21176470588235294,
    "Red Component": 0.8274509803921568
  },
  "Ansi 5 Color (Light)": {
    "Blue Component": 0.5098039215686274,
    "Color Space": "sRGB",
    "Green Component": 0.21176470588235294,
    "Red Component": 0.8274509803921568
  },
  "Ansi 6 Color": {
    "Blue Component": 0.596078431372549,
    "Color Space": "sRGB",
    "Green Component": 0.6313725490196078,
    "Red Component": 0.16470588235294117
  },
  "Ansi 6 Color (Dark)": {
    "Blue Component": 0.596078431372549,
    "Color Space": "sRGB",
    "Green Component": 0.6313725490196078,
    "Red Component": 0.16470588235294117
  },
  "Ansi 6 Color (Light)": {
    "Blue Component": 0.596078431372549,
    "Color Space": "sRGB",
    "Green Component": 0.6313725490196078,
    "Red Component": 0.16470588235294117
  },
  "Ansi 7 Color": {
    "Blue Component": 0.8352941176470589,
    "Color Space": "sRGB",
    "Green Component": 0.9098039215686274,
    "Red Component": 0.9333333333333333
  },
  "Ansi 7 Color (Dark)": {
    "Blue Component": 0.8352941176470589,
    "Color Space": "sRGB",
    "Green Component": 0.9098039215686274,
    "Red Component": 0.9333333333333333
  },
  "Ansi 7 Color (Light)": {
    "Blue Component": 0.8352941176470589,
    "Color Space": "sRGB",
    "Green Component": 0.9098039215686274,
    "Red Component": 0.9333333333333333
  },
  "Ansi 8 Color": {
    "Alpha Component": 1,
    "Blue Component": 0.5133376121520996,
    "Color Space": "sRGB",
    "Green Component": 0.4087688466644499,
    "Red Component": 0
  },
  "Ansi 8 Color (Dark)": {
    "Alpha Component": 1,
    "Blue Component": 0.460726261138916,
    "Color Space": "P3",